const parser = new DOMParser();
const xmlString = `
<note>
  <to>Tove</to>
  <from>Jani</from>
  <heading>Reminder</heading>
  <body>Don't forget me this weekend!</body>
</note>`;
const xmlDoc = parser.parseFromString(xmlString, "application/xml");

// Acessar elementos do XML
const to = xmlDoc.getElementsByTagName("to")[0].childNodes[0].nodeValue;
console.log(to);  // Saída: Tove
fetch('caminho/para/seu.xml')
  .then(response => response.text())
  .then(str => (new window.DOMParser()).parseFromString(str, "application/xml"))
  .then(xmlDoc => {
    const from = xmlDoc.getElementsByTagName("from")[0].childNodes[0].nodeValue;
    console.log(from);  // Saída: Jani
  })
  .catch(error => console.error('Erro ao carregar o XML:', error));
const xmlString = new XMLSerializer().serializeToString(xmlDoc);
console.log(xmlString);
xmlDoc.getElementsByTagName("to")[0].childNodes[0].nodeValue = "John";
console.log(xmlDoc.getElementsByTagName("to")[0].childNodes[0].nodeValue);  // Saída: John
const doc = document.implementation.createDocument("", "", null);
const note = doc.createElement("note");
const to = doc.createElement("to");
to.textContent = "Tove";
note.appendChild(to);

const from = doc.createElement("from");
from.textContent = "Jani";
note.appendChild(from);

doc.appendChild(note);
console.log(new XMLSerializer().serializeToString(doc));
